Id,Label,Degree,Betweenness,Expression
1277,COL1A1,100,27297.73,0
7058,THBS2,83,20450.51,0
1303,COL12A1,31,8705.41,0
1278,COL1A2,30,7883.44,0
1462,VCAN,24,6154.86,0
7076,TIMP1,23,6424.65,0
633,BGN,12,2479.01,0
2335,FN1,10,2121.74,0
115908,CTHRC1,8,1855.64,0
MIMAT0019072,hsa-mir-4533,4,3668.07,0
MIMAT0000083,hsa-mir-26b-5p,4,3273.75,0
MIMAT0000422,hsa-mir-124-3p,3,3112.08,0
MIMAT0000275,hsa-mir-218-5p,3,2754.31,0
MIMAT0000100,hsa-mir-29b-3p,2,3237.23,0
MIMAT0000427,hsa-mir-133a-3p,2,3237.23,0
MIMAT0027528,hsa-mir-6814-5p,2,3237.23,0
MIMAT0000441,hsa-mir-9-5p,2,2756.94,0
MIMAT0003385,hsa-mir-363-5p,2,2005.42,0
MIMAT0027391,hsa-mir-6745,2,2005.42,0
MIMAT0004682,hsa-mir-361-3p,2,1999.77,0
MIMAT0004982,hsa-mir-939-5p,2,1433.56,0
MIMAT0027038,hsa-mir-1343-5p,2,1433.56,0
MIMAT0000242,hsa-mir-129-5p,2,1414.7,0
MIMAT0003165,hsa-mir-545-3p,2,799.82,0
MIMAT0000681,hsa-mir-29c-3p,2,696.94,0
MIMAT0019882,hsa-mir-4747-5p,2,696.94,0
MIMAT0021128,hsa-mir-5196-5p,2,696.94,0
MIMAT0000256,hsa-mir-181a-5p,2,598,0
MIMAT0027416,hsa-mir-6758-5p,2,584.19,0
MIMAT0027612,hsa-mir-6856-5p,2,584.19,0
10631,POSTN,2,300,0
MIMAT0015065,hsa-mir-3185,2,284.65,0
MIMAT0033692,hsa-mir-8485,2,272.14,0
MIMAT0000414,hsa-let-7g-5p,2,255.32,0
MIMAT0000416,hsa-mir-1-3p,2,193.58,0
MIMAT0000063,hsa-let-7b-5p,1,0,0
MIMAT0000067,hsa-let-7f-5p,1,0,0
MIMAT0000081,hsa-mir-25-3p,1,0,0
MIMAT0000086,hsa-mir-29a-3p,1,0,0
MIMAT0000095,hsa-mir-96-5p,1,0,0
MIMAT0000101,hsa-mir-103a-3p,1,0,0
MIMAT0000102,hsa-mir-105-5p,1,0,0
MIMAT0000104,hsa-mir-107,1,0,0
MIMAT0000318,hsa-mir-200b-3p,1,0,0
MIMAT0000418,hsa-mir-23b-3p,1,0,0
MIMAT0000419,hsa-mir-27b-3p,1,0,0
MIMAT0000420,hsa-mir-30b-5p,1,0,0
MIMAT0000435,hsa-mir-143-3p,1,0,0
MIMAT0000455,hsa-mir-185-5p,1,0,0
MIMAT0000617,hsa-mir-200c-3p,1,0,0
MIMAT0000687,hsa-mir-299-3p,1,0,0
MIMAT0000710,hsa-mir-365a-3p,1,0,0
MIMAT0000716,hsa-mir-302c-5p,1,0,0
MIMAT0000728,hsa-mir-375,1,0,0
MIMAT0000730,hsa-mir-377-3p,1,0,0
MIMAT0000758,hsa-mir-135b-5p,1,0,0
MIMAT0000759,hsa-mir-148b-3p,1,0,0
MIMAT0000765,hsa-mir-335-5p,1,0,0
MIMAT0002170,hsa-mir-412-3p,1,0,0
MIMAT0002847,hsa-mir-518c-5p,1,0,0
MIMAT0002849,hsa-mir-524-5p,1,0,0
MIMAT0002855,hsa-mir-520d-5p,1,0,0
MIMAT0002860,hsa-mir-516b-3p,1,0,0
MIMAT0002869,hsa-mir-519a-3p,1,0,0
MIMAT0002874,hsa-mir-503-5p,1,0,0
MIMAT0002879,hsa-mir-507,1,0,0
MIMAT0002882,hsa-mir-510-5p,1,0,0
MIMAT0003221,hsa-mir-557,1,0,0
MIMAT0003234,hsa-mir-569,1,0,0
MIMAT0003243,hsa-mir-578,1,0,0
MIMAT0003283,hsa-mir-615-3p,1,0,0
MIMAT0003294,hsa-mir-625-5p,1,0,0
MIMAT0003299,hsa-mir-630,1,0,0
MIMAT0003313,hsa-mir-643,1,0,0
MIMAT0003325,hsa-mir-662,1,0,0
MIMAT0003326,hsa-mir-663a,1,0,0
MIMAT0003945,hsa-mir-765,1,0,0
MIMAT0004490,hsa-mir-19a-5p,1,0,0
MIMAT0004514,hsa-mir-29b-1-5p,1,0,0
MIMAT0004548,hsa-mir-129-1-3p,1,0,0
MIMAT0004597,hsa-mir-140-3p,1,0,0
MIMAT0004605,hsa-mir-129-2-3p,1,0,0
MIMAT0004680,hsa-mir-130b-5p,1,0,0
MIMAT0004703,hsa-mir-335-3p,1,0,0
MIMAT0004767,hsa-mir-193b-5p,1,0,0
MIMAT0004784,hsa-mir-455-3p,1,0,0
MIMAT0004794,hsa-mir-551b-5p,1,0,0
MIMAT0004802,hsa-mir-593-3p,1,0,0
MIMAT0004909,hsa-mir-450b-5p,1,0,0
MIMAT0004945,hsa-mir-744-5p,1,0,0
MIMAT0004978,hsa-mir-935,1,0,0
MIMAT0004981,hsa-mir-938,1,0,0
MIMAT0004983,hsa-mir-940,1,0,0
MIMAT0005583,hsa-mir-1228-3p,1,0,0
MIMAT0005591,hsa-mir-1236-3p,1,0,0
MIMAT0005797,hsa-mir-1301-3p,1,0,0
MIMAT0005829,hsa-mir-1184,1,0,0
MIMAT0005883,hsa-mir-1293,1,0,0
MIMAT0005889,hsa-mir-548l,1,0,0
MIMAT0005904,hsa-mir-1253,1,0,0
MIMAT0005920,hsa-mir-1266-5p,1,0,0
MIMAT0005929,hsa-mir-1275,1,0,0
MIMAT0005934,hsa-mir-548p,1,0,0
MIMAT0005943,hsa-mir-1292-5p,1,0,0
MIMAT0005951,hsa-mir-1307-3p,1,0,0
MIMAT0006767,hsa-mir-1827,1,0,0
MIMAT0006778,hsa-mir-516a-3p,1,0,0
MIMAT0007348,hsa-mir-1470,1,0,0
MIMAT0007881,hsa-mir-1908-5p,1,0,0
MIMAT0009197,hsa-mir-205-3p,1,0,0
MIMAT0010313,hsa-mir-762,1,0,0
MIMAT0011778,hsa-mir-2278,1,0,0
MIMAT0014982,hsa-mir-3120-3p,1,0,0
MIMAT0014984,hsa-mir-3122,1,0,0
MIMAT0014988,hsa-mir-3125,1,0,0
MIMAT0015006,hsa-mir-3138,1,0,0
MIMAT0015045,hsa-mir-3170,1,0,0
MIMAT0015063,hsa-mir-3183,1,0,0
MIMAT0015077,hsa-mir-3193,1,0,0
MIMAT0015089,hsa-mir-3202,1,0,0
MIMAT0016858,hsa-mir-4306,1,0,0
MIMAT0016863,hsa-mir-4311,1,0,0
MIMAT0016876,hsa-mir-4324,1,0,0
MIMAT0016878,hsa-mir-4257,1,0,0
MIMAT0016883,hsa-mir-4251,1,0,0
MIMAT0016888,hsa-mir-4326,1,0,0
MIMAT0016901,hsa-mir-4271,1,0,0
MIMAT0016907,hsa-mir-4281,1,0,0
MIMAT0016920,hsa-mir-4289,1,0,0
MIMAT0017981,hsa-mir-3605-5p,1,0,0
MIMAT0017986,hsa-mir-3609,1,0,0
MIMAT0017994,hsa-mir-3615,1,0,0
MIMAT0018087,hsa-mir-3665,1,0,0
MIMAT0018107,hsa-mir-3680-3p,1,0,0
MIMAT0018185,hsa-mir-3911,1,0,0
MIMAT0018187,hsa-mir-3913-5p,1,0,0
MIMAT0018190,hsa-mir-3916,1,0,0
MIMAT0018194,hsa-mir-3150b-3p,1,0,0
MIMAT0018939,hsa-mir-4424,1,0,0
MIMAT0018941,hsa-mir-4426,1,0,0
MIMAT0018972,hsa-mir-548ah-5p,1,0,0
MIMAT0018977,hsa-mir-4455,1,0,0
MIMAT0018995,hsa-mir-4468,1,0,0
MIMAT0018996,hsa-mir-4469,1,0,0
MIMAT0018998,hsa-mir-4471,1,0,0
MIMAT0019003,hsa-mir-4476,1,0,0
MIMAT0019015,hsa-mir-4481,1,0,0
MIMAT0019026,hsa-mir-4491,1,0,0
MIMAT0019027,hsa-mir-4492,1,0,0
MIMAT0019033,hsa-mir-4498,1,0,0
MIMAT0019043,hsa-mir-2392,1,0,0
MIMAT0019055,hsa-mir-4518,1,0,0
MIMAT0019063,hsa-mir-4524a-3p,1,0,0
MIMAT0019064,hsa-mir-4525,1,0,0
MIMAT0019077,hsa-mir-1587,1,0,0
MIMAT0019078,hsa-mir-4536-5p,1,0,0
MIMAT0019201,hsa-mir-3127-3p,1,0,0
MIMAT0019219,hsa-mir-3619-3p,1,0,0
MIMAT0019227,hsa-mir-3922-5p,1,0,0
MIMAT0019230,hsa-mir-3942-3p,1,0,0
MIMAT0019363,hsa-mir-3978,1,0,0
MIMAT0019704,hsa-mir-4644,1,0,0
MIMAT0019709,hsa-mir-4647,1,0,0
MIMAT0019719,hsa-mir-4653-3p,1,0,0
MIMAT0019723,hsa-mir-4656,1,0,0
MIMAT0019724,hsa-mir-4657,1,0,0
MIMAT0019728,hsa-mir-4660,1,0,0
MIMAT0019736,hsa-mir-4662b,1,0,0
MIMAT0019739,hsa-mir-4665-5p,1,0,0
MIMAT0019744,hsa-mir-4667-3p,1,0,0
MIMAT0019757,hsa-mir-4675,1,0,0
MIMAT0019819,hsa-mir-4712-3p,1,0,0
MIMAT0019832,hsa-mir-4719,1,0,0
MIMAT0019838,hsa-mir-4723-5p,1,0,0
MIMAT0019839,hsa-mir-4723-3p,1,0,0
MIMAT0019844,hsa-mir-4725-3p,1,0,0
MIMAT0019862,hsa-mir-4736,1,0,0
MIMAT0019871,hsa-mir-4741,1,0,0
MIMAT0019878,hsa-mir-4745-5p,1,0,0
MIMAT0019891,hsa-mir-4753-3p,1,0,0
MIMAT0019920,hsa-mir-4768-5p,1,0,0
MIMAT0019925,hsa-mir-4771,1,0,0
MIMAT0019932,hsa-mir-4776-5p,1,0,0
MIMAT0019938,hsa-mir-4779,1,0,0
MIMAT0019940,hsa-mir-4436b-5p,1,0,0
MIMAT0019942,hsa-mir-4781-5p,1,0,0
MIMAT0019944,hsa-mir-4782-5p,1,0,0
MIMAT0019948,hsa-mir-4784,1,0,0
MIMAT0019953,hsa-mir-2467-3p,1,0,0
MIMAT0019955,hsa-mir-4786-3p,1,0,0
MIMAT0019978,hsa-mir-4800-5p,1,0,0
MIMAT0020541,hsa-mir-5047,1,0,0
MIMAT0021021,hsa-mir-5001-5p,1,0,0
MIMAT0021026,hsa-mir-5003-3p,1,0,0
MIMAT0021027,hsa-mir-5004-5p,1,0,0
MIMAT0021039,hsa-mir-5008-5p,1,0,0
MIMAT0021043,hsa-mir-5010-5p,1,0,0
MIMAT0021046,hsa-mir-5011-3p,1,0,0
MIMAT0021083,hsa-mir-5091,1,0,0
MIMAT0021123,hsa-mir-5192,1,0,0
MIMAT0021131,hsa-mir-5197-3p,1,0,0
MIMAT0022260,hsa-mir-5572,1,0,0
MIMAT0022268,hsa-mir-548as-3p,1,0,0
MIMAT0022279,hsa-mir-5582-5p,1,0,0
MIMAT0022485,hsa-mir-4666b,1,0,0
MIMAT0022491,hsa-mir-5698,1,0,0
MIMAT0022500,hsa-mir-5706,1,0,0
MIMAT0022700,hsa-mir-450a-1-3p,1,0,0
MIMAT0022714,hsa-mir-766-5p,1,0,0
MIMAT0022722,hsa-mir-548g-5p,1,0,0
MIMAT0022732,hsa-mir-3191-5p,1,0,0
MIMAT0022733,hsa-mir-548x-5p,1,0,0
MIMAT0022739,hsa-mir-548aj-5p,1,0,0
MIMAT0022834,hsa-mir-365b-3p,1,0,0
MIMAT0022967,hsa-mir-3620-5p,1,0,0
MIMAT0023116,hsa-mir-5739,1,0,0
MIMAT0023704,hsa-mir-6079,1,0,0
MIMAT0023715,hsa-mir-6090,1,0,0
MIMAT0024612,hsa-mir-378j,1,0,0
MIMAT0025482,hsa-mir-6513-5p,1,0,0
MIMAT0025486,hsa-mir-6515-5p,1,0,0
MIMAT0025487,hsa-mir-6515-3p,1,0,0
MIMAT0026615,hsa-mir-552-5p,1,0,0
MIMAT0026621,hsa-mir-605-3p,1,0,0
MIMAT0026623,hsa-mir-627-3p,1,0,0
MIMAT0026640,hsa-mir-670-3p,1,0,0
MIMAT0026718,hsa-mir-874-5p,1,0,0
MIMAT0026720,hsa-mir-887-5p,1,0,0
MIMAT0026739,hsa-mir-548f-5p,1,0,0
MIMAT0026744,hsa-mir-1252-3p,1,0,0
MIMAT0027103,hsa-mir-5699-5p,1,0,0
MIMAT0027375,hsa-mir-6737-5p,1,0,0
MIMAT0027384,hsa-mir-6741-3p,1,0,0
MIMAT0027394,hsa-mir-6747-5p,1,0,0
MIMAT0027402,hsa-mir-6751-5p,1,0,0
MIMAT0027404,hsa-mir-6752-5p,1,0,0
MIMAT0027413,hsa-mir-6756-3p,1,0,0
MIMAT0027424,hsa-mir-6762-5p,1,0,0
MIMAT0027429,hsa-mir-6764-3p,1,0,0
MIMAT0027434,hsa-mir-6767-5p,1,0,0
MIMAT0027440,hsa-mir-6770-5p,1,0,0
MIMAT0027455,hsa-mir-6777-3p,1,0,0
MIMAT0027474,hsa-mir-6787-5p,1,0,0
MIMAT0027487,hsa-mir-6793-3p,1,0,0
MIMAT0027494,hsa-mir-6797-5p,1,0,0
MIMAT0027496,hsa-mir-6798-5p,1,0,0
MIMAT0027506,hsa-mir-6803-5p,1,0,0
MIMAT0027508,hsa-mir-6804-5p,1,0,0
MIMAT0027516,hsa-mir-6808-5p,1,0,0
MIMAT0027519,hsa-mir-6809-3p,1,0,0
MIMAT0027524,hsa-mir-6812-5p,1,0,0
MIMAT0027535,hsa-mir-6817-3p,1,0,0
MIMAT0027537,hsa-mir-6818-3p,1,0,0
MIMAT0027538,hsa-mir-6819-5p,1,0,0
MIMAT0027549,hsa-mir-6824-3p,1,0,0
MIMAT0027550,hsa-mir-6825-5p,1,0,0
MIMAT0027553,hsa-mir-6826-3p,1,0,0
MIMAT0027556,hsa-mir-6828-5p,1,0,0
MIMAT0027558,hsa-mir-6829-5p,1,0,0
MIMAT0027567,hsa-mir-6833-3p,1,0,0
MIMAT0027572,hsa-mir-6780b-5p,1,0,0
MIMAT0027580,hsa-mir-6839-5p,1,0,0
MIMAT0027586,hsa-mir-6842-5p,1,0,0
MIMAT0027589,hsa-mir-6844,1,0,0
MIMAT0027590,hsa-mir-6845-5p,1,0,0
MIMAT0027591,hsa-mir-6845-3p,1,0,0
MIMAT0027594,hsa-mir-6847-5p,1,0,0
MIMAT0027610,hsa-mir-6855-5p,1,0,0
MIMAT0027618,hsa-mir-6859-5p,1,0,0
MIMAT0027621,hsa-mir-6769b-3p,1,0,0
MIMAT0027640,hsa-mir-6870-5p,1,0,0
MIMAT0027642,hsa-mir-6871-5p,1,0,0
MIMAT0027647,hsa-mir-6873-3p,1,0,0
MIMAT0027652,hsa-mir-6876-5p,1,0,0
MIMAT0027660,hsa-mir-6880-5p,1,0,0
MIMAT0027686,hsa-mir-6893-5p,1,0,0
MIMAT0027688,hsa-mir-6894-5p,1,0,0
MIMAT0027691,hsa-mir-6895-3p,1,0,0
MIMAT0028109,hsa-mir-7106-5p,1,0,0
MIMAT0028115,hsa-mir-7109-5p,1,0,0
MIMAT0028117,hsa-mir-7110-5p,1,0,0
MIMAT0028119,hsa-mir-7111-5p,1,0,0
MIMAT0028125,hsa-mir-7114-5p,1,0,0
MIMAT0028219,hsa-mir-7154-3p,1,0,0
MIMAT0028234,hsa-mir-7162-5p,1,0,0
MIMAT0030414,hsa-mir-4433b-3p,1,0,0
MIMAT0030417,hsa-mir-6516-5p,1,0,0
MIMAT0030422,hsa-mir-7847-3p,1,0,0
MIMAT0030428,hsa-mir-7853-5p,1,0,0
MIMAT0030986,hsa-mir-8059,1,0,0
MIMAT0030998,hsa-mir-8071,1,0,0
MIMAT0032029,hsa-mir-1249-5p,1,0,0
MIMAT0000099,hsa-miR-101-3p,1,0,0
MIMAT0004513,hsa-miR-101-5p,1,0,0
MIMAT0000770,hsa-miR-133b,1,0,0
MIMAT0000430,hsa-miR-138-5p,1,0,0
MIMAT0000417,hsa-miR-15b-5p,1,0,0
MIMAT0000264,hsa-miR-203a-3p,1,0,0
MIMAT0000462,hsa-miR-206,1,0,0
NA,,1,0,0
MIMAT0002814,hsa-miR-432-5p,1,0,0
MIMAT0004507,hsa-miR-92a-1-5p,1,0,0
